<?xml version="1.0" encoding="UTF-8"?>
<project-private xmlns="http://www.netbeans.org/ns/project-private/1">
    <editor-bookmarks xmlns="http://www.netbeans.org/ns/editor-bookmarks/2" lastBookmarkId="0"/>
    <open-files xmlns="http://www.netbeans.org/ns/projectui-open-files/2">
        <group>
            <file>file:/home/nenoxx/Documents/Ecole/JavaBac3/BD_AIRPORT/Applic_Billets/web/JSPCaddie.jsp</file>
            <file>file:/home/nenoxx/Documents/Ecole/JavaBac3/BD_AIRPORT/Applic_Billets/web/JSPPay.jsp</file>
            <file>file:/home/nenoxx/Documents/Ecole/JavaBac3/BD_AIRPORT/Applic_Billets/web/JSPAdmin.jsp</file>
            <file>file:/home/nenoxx/Documents/Ecole/JavaBac3/BD_AIRPORT/Applic_Billets/src/java/ServletUtils/ServletConnection.java</file>
            <file>file:/home/nenoxx/Documents/Ecole/JavaBac3/BD_AIRPORT/Applic_Billets/web/JSPInit.jsp</file>
            <file>file:/home/nenoxx/Documents/Ecole/JavaBac3/BD_AIRPORT/Applic_Billets/web/JSPConnection.jsp</file>
        </group>
    </open-files>
</project-private>
